Domain,Count,Sum,Mean,SD,Median,Max,Min
Bacteria,1083,606982645,560464.122807018,3835815.15310128,3084,50223524,2
