Domain,Count,Sum,Mean,SD,Median,Max,Min
Bacteria,4255,78687480.2255474,18492.9448238654,236919.922547002,584.8960422,9565537.267961,1.4343825454
