Domain,Phylum,Class,Order,Family,Genus,Species
0,0.123076923076923,4.73846153846154,2.52307692307692,7.69230769230769,0,100
