Domain,Phylum,Class,Order,Family,Genus,Species
0,0.0922509225092251,5.35055350553506,1.8450184501845,7.84132841328413,0,100
